1031917,User_15
312770,User_16
757607,User_12
82591,User_31
881362,User_23
799783,User_18
343,User_16
272999,User_6
237618,User_31
502449,User_8
312770,User_27
633863,User_32
647700,User_8
799783,User_14
1003086,User_16
281943,User_11
733324,User_9
427607,User_19
380564,User_5
609301,User_29
609301,User_39
281943,User_12
733324,User_3
20379,User_19
281943,User_18
1003086,User_28
1147086,User_3
920562,User_1
958292,User_18
609301,User_24
83008,User_1
1130564,User_6
799783,User_11
828435,User_25
900219,User_12
405349,User_3
733324,User_0
727362,User_1
653571,User_8
1070429,User_7
578004,User_0
828435,User_7
595922,User_0
900219,User_31
405349,User_17
1080823,User_29
799783,User_7
920562,User_18
541161,User_5
578004,User_41
828435,User_5
189079,User_8
1080823,User_33
1003086,User_19
828435,User_3
958292,User_19
757607,User_15
1003086,User_24
670383,User_31
234980,User_31
380564,User_0
578004,User_32
609301,User_21
611418,User_24
633863,User_5
860818,User_7
541161,User_12
1080405,User_5
799783,User_10
647700,User_19
1031917,User_29
647700,User_31
647700,User_1
783244,User_28
996744,User_23
578004,User_39
799783,User_0
1080823,User_13
609301,User_0
1080405,User_23
1070429,User_31
799783,User_28
1080823,User_20
1070429,User_23
1070429,User_15
405349,User_30
595922,User_5
757607,User_5
380564,User_33
312770,User_28
20379,User_12
799783,User_30
468747,User_18
633863,User_3
20379,User_5
312770,User_35
990334,User_23
783244,User_15
312770,User_5
20379,User_16
380564,User_1
1070429,User_18
341398,User_24
609301,User_16
337634,User_8
127721,User_3
83008,User_7
757607,User_39
20379,User_7
1003086,User_29
757607,User_19
1003086,User_31
281943,User_24
595922,User_18
346112,User_31
1070429,User_19
827903,User_5
783244,User_14
300925,User_5
1147086,User_19
541161,User_15
127721,User_0
920562,User_8
595922,User_19
667883,User_11
20379,User_25
405349,User_8
996744,User_31
300925,User_23
234980,User_23
1003086,User_41
733324,User_15
744979,User_7
312770,User_32
799783,User_24
647700,User_16
783244,User_0
541161,User_28
780226,User_1
237618,User_19
633863,User_9
900219,User_23
757607,User_25
346112,User_23
1098994,User_13
799783,User_35
237618,User_7
733324,User_32
127721,User_5
341398,User_31
380564,User_28
799783,User_5
595922,User_7
828435,User_33
633863,User_13
920562,User_29
380564,User_39
828435,User_15
1003086,User_25
127721,User_13
1025320,User_5
799783,User_1
578004,User_20
1003086,User_7
343,User_28
757607,User_13
828435,User_8
727362,User_18
76855,User_23
343,User_15
717732,User_31
397547,User_29
1147086,User_20
958292,User_15
627448,User_31
346112,User_5
799783,User_3
595922,User_3
647700,User_3
757607,User_41
380564,User_13
828435,User_13
799783,User_20
1070429,User_1
757607,User_10
783244,User_41
806108,User_8
958292,User_31
733324,User_41
799783,User_25
340554,User_6
29709,User_29
733324,User_20
799783,User_29
799783,User_39
633863,User_27
541161,User_29
281943,User_10
733324,User_14
647700,User_28
920562,User_12
595922,User_20
780226,User_31
733324,User_31
609301,User_20
828435,User_30
799783,User_31
312770,User_7
541161,User_8
281943,User_28
312770,User_10
380564,User_8
733324,User_30
799783,User_21
647700,User_20
799783,User_32
281943,User_16
384835,User_19
20379,User_1
380564,User_31
405349,User_19
405349,User_15
343,User_5
828435,User_35
1098994,User_5
468747,User_23
312770,User_20
990334,User_1
1098994,User_15
611418,User_18
633863,User_33
633863,User_41
733324,User_21
1080823,User_25
427607,User_31
744979,User_15
757607,User_18
744979,User_20
405349,User_13
1031917,User_23
380564,User_19
127721,User_15
757607,User_14
733324,User_16
1080823,User_12
727362,User_7
346112,User_7
95394,User_6
799783,User_33
578004,User_17
312770,User_14
733324,User_7
627874,User_31
380564,User_27
647700,User_5
1145030,User_8
127721,User_31
633863,User_17
733324,User_29
733324,User_25
281943,User_30
990334,User_29
189079,User_7
1147086,User_16
237618,User_15
517109,User_6
633863,User_25
20379,User_11
609301,User_30
1031917,User_19
237618,User_5
900219,User_5
595922,User_30
609301,User_31
541161,User_19
312770,User_41
281943,User_25
541161,User_7
783244,User_13
860818,User_31
595922,User_16
996744,User_19
373440,User_19
1003086,User_8
20379,User_29
827903,User_15
300925,User_18
828435,User_20
783244,User_39
727362,User_24
394281,User_6
405349,User_31
405349,User_25
744979,User_0
733324,User_35
373440,User_7
380564,User_20
726654,User_31
578004,User_7
281943,User_20
609301,User_27
109923,User_6
667883,User_15
799783,User_16
667883,User_12
733324,User_8
828435,User_39
281943,User_13
1130564,User_8
920562,User_15
405349,User_33
783244,User_12
343,User_13
831676,User_18
1003086,User_39
405349,User_16
828435,User_31
757607,User_7
1003086,User_13
783244,User_25
312770,User_17
20379,User_24
405349,User_12
647700,User_0
380564,User_17
380564,User_12
1080823,User_11
384835,User_31
95394,User_8
312770,User_31
860818,User_5
860818,User_19
990334,User_15
405349,User_10
1098994,User_7
1080405,User_24
1025320,User_15
667883,User_29
1080405,User_15
234980,User_15
578004,User_33
609301,User_33
394281,User_8
733324,User_11
1008242,User_23
1070429,User_5
405349,User_27
828435,User_0
744979,User_19
757607,User_11
757607,User_1
1016254,User_6
667883,User_5
881362,User_19
799783,User_17
783244,User_19
427607,User_18
1003086,User_11
958292,User_13
633863,User_21
380564,User_11
727362,User_15
83008,User_31
343,User_1
920562,User_5
783244,User_30
609301,User_7
1080823,User_1
281943,User_1
281943,User_39
827903,User_7
300925,User_19
1080823,User_7
595922,User_21
920562,User_23
920562,User_31
281943,User_7
578004,User_30
958292,User_12
633863,User_20
595922,User_14
1147086,User_13
609301,User_5
647700,User_25
343,User_25
633863,User_10
920562,User_7
757607,User_27
541161,User_11
609301,User_10
427607,User_23
757607,User_28
799783,User_19
611418,User_23
595922,User_28
132527,User_8
237618,User_23
757607,User_20
83008,User_15
1098994,User_23
733324,User_19
958292,User_5
541161,User_3
609301,User_14
1147086,User_15
647700,User_13
20379,User_3
860818,User_15
828435,User_28
1080823,User_28
312770,User_19
331265,User_31
689873,User_19
609301,User_28
595922,User_31
900219,User_19
958292,User_20
733324,User_28
312770,User_0
733324,User_1
312770,User_25
281943,User_3
757607,User_32
20379,User_15
82591,User_23
670383,User_23
495903,User_6
757607,User_16
20379,User_31
595922,User_13
343,User_7
346112,User_24
667883,User_23
340554,User_8
900219,User_13
189079,User_5
578004,User_19
920562,User_19
343,User_20
331265,User_23
405349,User_7
312770,User_3
900219,User_20
1080823,User_0
343,User_3
343,User_31
667883,User_13
990334,User_19
1080823,User_10
958292,User_16
541161,User_13
990334,User_31
727362,User_23
667883,User_1
405349,User_20
726654,User_1
337634,User_6
380564,User_29
860818,User_1
346112,User_19
744979,User_3
595922,User_39
633863,User_35
384835,User_29
578004,User_5
1003086,User_18
20379,User_20
757607,User_9
1080823,User_3
346112,User_15
1153009,User_6
609301,User_1
727362,User_19
920562,User_24
783244,User_7
405349,User_1
757607,User_31
828435,User_14
647700,User_12
828435,User_11
1098994,User_18
667883,User_8
300925,User_7
312770,User_9
1003086,User_30
757607,User_24
1025320,User_23
578004,User_35
828435,User_9
633863,User_18
1080823,User_30
1147086,User_25
468747,User_31
312770,User_39
633863,User_16
20379,User_0
727362,User_31
1098994,User_11
1025320,User_8
783244,User_33
380564,User_35
647700,User_29
1003086,User_12
633863,User_39
380564,User_41
1080823,User_16
343,User_12
578004,User_13
312770,User_29
380564,User_25
1003086,User_3
1016254,User_8
757607,User_0
380564,User_10
827903,User_31
1098994,User_29
783244,User_11
234980,User_19
127721,User_7
380564,User_32
1080823,User_15
990334,User_7
578004,User_14
609301,User_8
609301,User_35
900219,User_7
127721,User_19
1098994,User_12
827903,User_23
20379,User_28
343,User_11
744979,User_12
733324,User_10
312770,User_30
633863,User_28
595922,User_35
83008,User_24
633863,User_29
272999,User_8
633863,User_12
380564,User_16
405349,User_28
1080823,User_31
1080405,User_18
633863,User_30
990334,User_13
828435,User_17
405349,User_39
831676,User_19
990334,User_18
744979,User_31
281943,User_33
373440,User_23
785006,User_6
578004,User_11
806108,User_6
1003086,User_10
633863,User_11
541161,User_0
633863,User_8
670383,User_18
1147086,User_0
780226,User_23
727362,User_5
609301,User_18
83008,User_19
609301,User_13
578004,User_3
783244,User_31
950676,User_29
757607,User_8
1003086,User_5
1003086,User_20
828435,User_16
405349,User_41
486688,User_6
281943,User_29
1025320,User_31
132527,User_6
726654,User_15
595922,User_33
757607,User_30
799783,User_13
744979,User_13
1098994,User_31
595922,User_11
189079,User_31
127721,User_12
1080405,User_7
415597,User_6
1031917,User_18
828435,User_10
1025320,User_18
783244,User_20
726654,User_24
178150,User_8
1003086,User_0
281943,User_31
83008,User_23
343,User_0
1080405,User_31
609301,User_32
609301,User_15
127721,User_25
783244,User_5
785006,User_8
799783,User_41
541161,User_20
990334,User_12
667883,User_31
1003086,User_15
578004,User_31
1080823,User_5
281943,User_0
647700,User_7
380564,User_15
757607,User_29
1025320,User_7
799783,User_9
486688,User_8
380564,User_7
1147086,User_7
312770,User_13
633863,User_0
757607,User_33
281943,User_19
1031917,User_31
380564,User_30
733324,User_5
609301,User_25
744979,User_25
312770,User_11
828435,User_41
495903,User_8
517109,User_8
189079,User_15
1147086,User_12
1098994,User_1
578004,User_12
373440,User_31
689873,User_31
380564,User_14
1145030,User_6
958292,User_7
733324,User_27
1080823,User_39
405349,User_29
281943,User_41
609301,User_19
595922,User_32
799783,User_8
82591,User_19
578004,User_9
633863,User_19
633863,User_14
757607,User_3
595922,User_27
541161,User_31
757607,User_17
312770,User_21
757607,User_35
733324,User_17
405349,User_11
670383,User_19
799783,User_27
578004,User_21
1080823,User_8
667883,User_18
783244,User_10
189079,User_23
380564,User_18
1003086,User_33
219484,User_6
726654,User_19
578004,User_25
900219,User_3
647700,User_15
609301,User_9
1147086,User_31
799783,User_15
633863,User_7
405349,User_5
647700,User_11
502449,User_6
667883,User_19
609301,User_17
189079,User_24
1080823,User_24
633863,User_15
733324,User_24
1147086,User_5
609301,User_3
415597,User_8
281943,User_8
799783,User_12
990334,User_8
990334,User_11
1080405,User_19
647700,User_18
234980,User_7
1080405,User_1
609301,User_11
541161,User_16
733324,User_39
717732,User_24
744979,User_5
990334,User_5
127721,User_20
733324,User_33
958292,User_11
541161,User_25
733324,User_13
405349,User_32
783244,User_3
1003086,User_1
611418,User_19
281943,User_5
958292,User_23
468747,User_24
733324,User_12
595922,User_25
595922,User_12
380564,User_9
726654,User_23
234980,User_18
281943,User_15
578004,User_8
831676,User_23
1098994,User_8
109923,User_8
468747,User_15
405349,User_0
828435,User_19
595922,User_41
380564,User_3
405349,User_18
343,User_29
405349,User_9
219484,User_8
599777,User_6
599777,User_8
783244,User_16
405349,User_35
346112,User_1
234980,User_5
633863,User_31
780226,User_18
331265,User_18
609301,User_12
595922,User_1
633863,User_1
237618,User_29
609301,User_41
312770,User_12
312770,User_33
667883,User_7
828435,User_12
1153009,User_8
405349,User_14
541161,User_18
343,User_19
780226,User_19
595922,User_9
237618,User_1
20379,User_13
178150,User_6
